日期,Ticker,類型,進場價,距52W高,距52W低,盤整,量比,背離,強度,T+1收盤,T+1升跌%,T+3收盤,T+3升跌%,T+5收盤,T+5升跌%
2026-10-09,ABT,底部轉勢,98.49,-25.4,21.0,19.8,1.54,,⭐,,,,,,
2026-10-09,ACI,底部轉勢,12.34,-35.7,13.7,14.4,1.57,,⭐,,,,,,
2026-10-09,AGIO,底部轉勢,31.92,-30.6,43.5,14.9,2.01,,⭐,,,,,,
2026-10-09,AMTM,底部轉勢,18.97,-50.2,7.1,16.7,1.9,,⭐,,,,,,
2026-10-09,ARDT,底部轉勢,11.07,-28.5,43.6,12.8,1.68,,⭐,,,,,,
2026-10-09,BDN,底部轉勢,2.74,-21.2,20.8,18.8,1.52,,⭐,,,,,,
2026-10-09,BELFA,頂部轉勢,195.13,-33.5,76.6,14.5,1.73,,⭐,,,,,,
2026-10-09,CSV,底部轉勢,33.73,-34.9,12.0,15.3,1.61,,⭐,,,,,,
2026-10-09,CTSH,底部轉勢,60.01,-29.8,62.8,19.6,1.51,,⭐,,,,,,
2026-10-09,DAAQ,頂部轉勢,10.47,-0.4,58.6,1.1,10.52,,⭐,,,,,,
2026-10-09,DCOM,頂部轉勢,38.55,-8.1,53.6,8.5,2.88,⭐,⭐⭐⭐,,,,,,
2026-10-09,DOW,底部轉勢,28.59,-31.6,45.3,19.1,1.59,,⭐,,,,,,
2026-10-09,EIC,底部轉勢,9.04,-24.8,1.5,14.0,2.03,,⭐,,,,,,
2026-10-09,EMN,底部轉勢,63.76,-20.8,19.3,17.8,1.64,,⭐,,,,,,
2026-10-09,FULC,底部轉勢,3.75,-76.2,32.5,7.3,1.84,,⭐,,,,,,
2026-10-09,GBCI,底部轉勢,42.98,-20.6,10.9,13.1,1.52,,⭐,,,,,,
2026-10-09,GIC,頂部轉勢,42.56,-4.1,65.7,15.6,1.52,,⭐,,,,,,
2026-10-09,HD,底部轉勢,295.47,-24.1,6.6,18.9,1.82,,⭐,,,,,,
2026-10-09,HIMS,頂部轉勢,28.06,-57.0,104.2,19.7,1.56,,⭐,,,,,,
2026-10-09,HIMX,頂部轉勢,13.26,-46.2,97.0,19.5,2.18,,⭐,,,,,,
2026-10-09,HR,底部轉勢,17.19,-21.0,9.4,16.6,1.99,,⭐,,,,,,
2026-10-09,HUM,頂部轉勢,387.12,-9.7,139.1,13.8,2.3,,⭐,,,,,,
2026-10-09,IBM,底部轉勢,226.61,-31.3,14.6,15.6,1.58,,⭐,,,,,,
2026-10-09,IMAX,頂部轉勢,51.31,-11.1,66.9,19.7,1.87,,⭐,,,,,,
2026-10-09,ITGR,頂部轉勢,126.65,-0.1,104.3,1.3,1.5,,⭐,,,,,,
2026-10-09,IX,頂部轉勢,36.69,-13.4,51.7,14.0,1.73,,⭐,,,,,,
2026-10-09,LILAK,頂部轉勢,8.72,-3.1,89.3,10.9,1.66,⭐,⭐⭐,,,,,,
2026-10-09,MCD,底部轉勢,236.9,-29.3,3.4,15.4,1.91,,⭐,,,,,,
2026-10-09,MH,底部轉勢,13.37,-25.7,49.5,18.2,1.51,,⭐,,,,,,
2026-10-09,MITT,底部轉勢,5.69,-31.9,3.5,19.5,1.56,,⭐,,,,,,
2026-10-09,MMS,底部轉勢,58.77,-40.3,15.1,18.9,1.57,,⭐,,,,,,
2026-10-09,OFLX,底部轉勢,26.25,-28.3,7.5,10.8,1.54,,⭐,,,,,,
2026-10-09,PEP,底部轉勢,128.34,-22.9,3.9,13.6,2.55,,⭐,,,,,,
2026-10-09,PHG,底部轉勢,24.3,-24.5,2.9,14.6,1.87,,⭐,,,,,,
2026-10-09,PKE,底部轉勢,29.66,-25.3,65.4,14.8,3.16,⭐,⭐⭐,,,,,,
2026-10-09,RBA,底部轉勢,84.03,-29.1,7.7,11.0,2.08,⭐,⭐⭐,,,,,,
2026-10-09,RELX,底部轉勢,35.24,-23.3,31.3,13.2,1.72,,⭐,,,,,,
2026-10-09,RM,底部轉勢,33.92,-22.7,13.5,13.6,1.65,⭐,⭐⭐,,,,,,
2026-10-09,RYN,底部轉勢,18.6,-22.5,5.0,16.6,1.53,,⭐,,,,,,
2026-10-09,SD,底部轉勢,14.07,-20.8,31.5,14.5,1.59,,⭐,,,,,,
2026-10-09,SEPN,底部轉勢,36.9,-27.8,110.3,18.5,1.94,,⭐,,,,,,
2026-10-09,SLAB,頂部轉勢,221.75,-0.8,92.0,3.1,1.8,⭐,⭐⭐,,,,,,
2026-10-09,SNEX,頂部轉勢,60.1,-36.5,64.9,19.9,1.56,,⭐,,,,,,
2026-10-09,TDC,底部轉勢,30.29,-27.5,49.0,12.0,2.24,,⭐,,,,,,
2026-10-09,TECH,頂部轉勢,72.45,-0.3,68.2,0.8,1.83,,⭐,,,,,,
2026-10-09,TTGT,底部轉勢,4.1,-38.8,21.7,19.3,1.72,,⭐,,,,,,
2026-10-09,TUSK,頂部轉勢,2.76,-29.6,60.9,19.8,2.95,,⭐,,,,,,
2026-10-09,VICI,底部轉勢,22.79,-23.0,1.6,13.7,1.62,,⭐,,,,,,
2026-10-09,VTRS,頂部轉勢,17.44,-5.4,86.4,14.3,1.61,,⭐,,,,,,
2026-10-09,WASH,頂部轉勢,37.35,-6.5,58.2,9.2,1.74,,⭐,,,,,,
2026-10-09,WCC,頂部轉勢,355.93,-8.4,72.7,18.7,1.57,,⭐,,,,,,
2026-10-09,WCCB,頂部轉勢,61.16,-1.3,55.1,19.0,2.77,,⭐,,,,,,
2026-10-09,YUMC,底部轉勢,41.78,-27.1,5.2,18.3,1.62,,⭐,,,,,,
2026-10-10,ALH,底部轉勢,21.27,-24.7,14.1,13.8,1.52,⭐,⭐⭐,,,,,,
2026-10-10,AOS,底部轉勢,56.38,-30.3,4.7,15.5,1.5,,⭐,,,,,,
2026-10-10,BELFA,頂部轉勢,195.38,-33.4,76.8,13.3,1.58,,⭐,,,,,,
2026-10-10,BFS,底部轉勢,30.0,-20.6,8.4,15.2,1.87,,⭐,,,,,,
2026-10-10,BWMN,頂部轉勢,42.7,-6.8,70.3,1.8,2.24,,⭐,,,,,,
2026-10-10,CRNT,底部轉勢,2.16,-34.3,16.8,11.1,1.59,,⭐,,,,,,
2026-10-10,CSV,底部轉勢,33.69,-35.0,11.9,14.7,1.52,,⭐,,,,,,
2026-10-10,DAL,頂部轉勢,82.17,-13.9,50.5,13.4,1.64,,⭐,,,,,,
2026-10-10,FBIZ,頂部轉勢,69.36,-5.9,54.0,9.2,1.74,⭐,⭐⭐,,,,,,
2026-10-10,GSK,底部轉勢,46.5,-22.6,12.4,12.4,2.16,,⭐,,,,,,
2026-10-10,HIMS,底部轉勢,30.92,-52.6,125.0,19.0,1.62,,⭐,,,,,,
2026-10-10,HZO,頂部轉勢,52.37,-0.4,144.5,0.9,1.74,⭐,⭐⭐,,,,,,
2026-10-10,ITGR,頂部轉勢,126.61,-0.1,104.2,1.3,1.82,,⭐,,,,,,
2026-10-10,JAZZ,頂部轉勢,218.42,-18.0,69.6,18.5,1.57,,⭐,,,,,,
2026-10-10,LI,底部轉勢,11.54,-51.5,8.3,19.4,1.65,,⭐,,,,,,
2026-10-10,OBT,頂部轉勢,36.93,-7.5,62.4,13.8,1.5,,⭐,,,,,,
2026-10-10,ODC,頂部轉勢,85.98,-19.5,90.1,18.3,2.18,,⭐,,,,,,
2026-10-10,PFIS,頂部轉勢,67.25,-8.3,60.9,12.0,1.82,,⭐,,,,,,
2026-10-10,PHG,底部轉勢,24.24,-24.7,2.6,14.2,3.44,,⭐,,,,,,
2026-10-10,PRGO,底部轉勢,15.06,-26.8,70.9,19.3,1.56,,⭐,,,,,,
2026-10-10,RILYT,頂部轉勢,20.02,-9.8,105.6,11.5,3.0,,⭐,,,,,,
2026-10-10,RNW,頂部轉勢,6.88,-15.6,56.9,1.8,1.72,,⭐,,,,,,
2026-10-10,TALO,頂部轉勢,16.8,-10.3,87.4,16.7,2.32,,⭐,,,,,,
2026-10-10,UTZ,頂部轉勢,14.3,-0.2,113.8,1.5,3.12,,⭐,,,,,,
2026-10-10,WAT,頂部轉勢,433.77,-4.6,53.4,15.7,1.54,,⭐,,,,,,
2026-10-10,WCC,頂部轉勢,365.69,-5.9,77.5,18.7,1.62,,⭐,,,,,,
2026-10-10,WCCB,頂部轉勢,60.95,-1.7,54.6,19.1,1.72,,⭐,,,,,,
2026-10-10,WEAV,頂部轉勢,7.38,-4.2,74.1,1.7,1.77,,⭐,,,,,,
2026-10-10,XBIT,底部轉勢,2.29,-33.4,9.6,8.9,1.84,,⭐,,,,,,
2026-10-10,YUMC,底部轉勢,42.92,-25.1,8.1,15.2,1.97,,⭐,,,,,,
